100-days-of-code	238823848
Advisor-01	318705304
Arrival-Movie-Live-Coding	82392055
aula13	86816060
cafemoca	85336000
canvas-tkinter	87973152
Celebration-of-Mind-2014	25821739
CrytpoRave2017-CA	90642195
danielscarvalho	355709144
data	102548336
debian-oracle-virtualbox	384616967
dev-ubuntu	223087532
DeveloperHomeOfficeSetup	252635879
dicionario-profano	384564573
DOJO-Lex-2020	244722065
Ep2	90045644
EP2-1	90045798
EP2-2	90045874
EP2-3	90046000
EP2-4	90046066
EP2-5	90046116
EP2-6	90046197
EP2-inspermon	90046364
EP2-Joao_Laet__Christiano	90045823
EP2_Arthur_e_Thomas	90046317
EP2_Felippe_Hsu	90045911
Ep2_GabrielMonteiro_JoaoGuilherme	90046227
free-programming-books	13638362
FTT---Idade-2	145637934
FTT-2018-2-N1	149031468
